Site,Plot,Substrate,SA
400,0,B,45.02280258
400,0,B,45.02280258
400,0,B,45.02280258
400,0,B,45.02280258
400,0,B,45.02280258
400,0,B,45.02280258
400,0,B,45.02280258
400,0,B,45.02280258
400,0,B,45.02280258
400,0,B,45.02280258
400,0,B,45.02280258
400,0,B,45.02280258
400,0,B,45.02280258
400,0,B,45.02280258
400,0,B,45.02280258
400,0,B,45.02280258
400,0,B,45.02280258
400,0,B,45.02280258
400,0,B,45.02280258
400,0,B,45.02280258
400,0,B,45.02280258
400,0,B,45.02280258
400,0,B,45.02280258
400,0,B,45.02280258
400,0,B,45.02280258
400,0,B,45.02280258
400,0,B,45.02280258
400,0,B,45.02280258
400,0,B,45.02280258
400,0,B,45.02280258
400,0,B,45.02280258
400,0,B,45.02280258
400,0,B,45.02280258
400,0,B,45.02280258
400,0,B,45.02280258
400,0,B,45.02280258
400,0,B,45.02280258
400,0,B,45.02280258
400,0,B,45.02280258
400,0,B,45.02280258
400,0,B,45.02280258
400,0,B,45.02280258
400,0,B,45.02280258
400,0,B,486.879407
400,0,B,486.879407
400,0,B,486.879407
400,0,B,486.879407
400,0,B,486.879407
400,0,B,486.879407
400,0,B,486.879407
400,0,B,486.879407
400,0,B,486.879407
400,0,B,745.58952
400,0,B,945.2812822
400,0,G,38724.85702
400,0,L,113.09724
400,0,L,113.09724
400,0,L,113.09724
400,0,L,113.09724
400,0,L,113.09724
400,0,L,113.09724
400,0,L,471.2385
400,0,W,125.6636
400,0,W,125.6636
400,0,W,125.6636
400,0,W,1225.2201
400,0,W,1319.4678
400,0,W,6031.8528
400,0,W,6283.18
400,18,B,6378.864847
400,18,G,38887.43364
400,18,L,56.54862
400,18,L,56.54862
400,18,L,56.54862
400,18,L,56.54862
400,18,L,56.54862
400,18,L,56.54862
400,18,L,56.54862
400,18,L,56.54862
400,18,L,56.54862
400,18,W,314.159
400,18,W,314.159
400,18,W,314.159
400,18,W,1099.5565
400,18,W,1256.636
400,18,W,2356.1925
400,24,B,28.11988408
400,24,B,28.11988408
400,24,B,28.11988408
400,24,B,28.11988408
400,24,B,28.11988408
400,24,B,28.11988408
400,24,B,28.11988408
400,24,B,28.11988408
400,24,B,28.11988408
400,24,B,28.11988408
400,24,B,28.11988408
400,24,B,28.11988408
400,24,B,28.11988408
400,24,B,28.11988408
400,24,B,28.11988408
400,24,B,28.11988408
400,24,B,28.11988408
400,24,B,28.11988408
400,24,B,28.11988408
400,24,B,28.11988408
400,24,B,28.11988408
400,24,B,28.11988408
400,24,B,28.11988408
400,24,B,28.11988408
400,24,B,28.11988408
400,24,B,28.11988408
400,24,B,28.11988408
400,24,B,28.11988408
400,24,B,28.11988408
400,24,B,28.11988408
400,24,B,28.11988408
400,24,B,28.11988408
400,24,B,28.11988408
400,24,B,28.11988408
400,24,B,28.11988408
400,24,B,28.11988408
400,24,B,28.11988408
400,24,B,28.11988408
400,24,B,28.11988408
400,24,B,28.11988408
400,24,B,28.11988408
400,24,B,28.11988408
400,24,B,28.11988408
400,24,B,28.11988408
400,24,B,28.11988408
400,24,B,28.11988408
400,24,B,28.11988408
400,24,B,28.11988408
400,24,B,28.11988408
400,24,B,28.11988408
400,24,B,28.11988408
400,24,B,28.11988408
400,24,B,28.11988408
400,24,B,28.11988408
400,24,B,28.11988408
400,24,G,38970.09962
400,24,L,62.8318
400,24,L,62.8318
400,24,L,62.8318
400,24,L,62.8318
400,24,L,62.8318
400,24,L,62.8318
400,24,L,62.8318
400,24,L,62.8318
400,24,L,62.8318
400,24,L,62.8318
400,24,W,62.8318
400,24,W,125.6636
400,24,W,125.6636
400,24,W,125.6636
400,24,W,251.3272
400,24,W,314.159
400,24,W,314.159
400,24,W,314.159
400,24,W,502.6544
400,24,W,967.60972
400,24,W,2073.4494
400,38,G,38999.73456
400,38,L,455.53055
400,38,L,455.53055
400,38,L,455.53055
400,38,L,455.53055
400,38,L,455.53055
400,38,W,314.159
400,38,W,314.159
400,38,W,1130.9724
400,38,W,1432.56504
400,38,W,2356.1925
400,42,G,38178.00887
400,42,L,235.61925
400,42,W,157.0795
400,42,W,157.0795
400,42,W,157.0795
400,42,W,157.0795
400,42,W,157.0795
400,42,W,157.0795
400,42,W,157.0795
400,42,W,989.60085
400,42,W,989.60085
400,42,W,5654.862
400,58,B,2467.575428
400,58,G,39971.72569
400,58,L,56.54862
400,58,L,56.54862
400,58,L,56.54862
400,58,L,56.54862
400,58,L,56.54862
400,58,L,56.54862
400,58,L,56.54862
400,58,L,56.54862
400,58,L,56.54862
400,58,L,56.54862
400,58,L,56.54862
400,58,L,56.54862
400,58,L,56.54862
400,58,L,56.54862
400,58,L,56.54862
400,58,L,56.54862
400,58,L,56.54862
400,58,L,56.54862
400,58,L,56.54862
400,58,L,56.54862
400,58,L,56.54862
400,58,L,56.54862
400,58,L,56.54862
400,58,L,56.54862
400,58,L,56.54862
400,58,L,56.54862
400,58,L,56.54862
400,58,L,56.54862
400,58,L,56.54862
400,58,L,56.54862
400,58,L,172.78745
400,58,L,172.78745
400,58,L,172.78745
400,58,L,172.78745
400,58,L,172.78745
400,58,L,172.78745
400,58,L,172.78745
400,58,L,172.78745
400,58,L,172.78745
400,58,L,172.78745
400,58,L,172.78745
400,58,W,314.159
400,58,W,314.159
400,58,W,314.159
400,58,W,314.159
400,58,W,314.159
400,58,W,942.477
400,58,W,2827.431
400,58,W,7539.816
400,58,W,8011.0545
400,64,G,38027.43364
400,64,L,196.349375
400,64,L,196.349375
400,64,L,196.349375
400,64,L,196.349375
400,64,L,196.349375
400,64,L,196.349375
400,64,L,196.349375
400,64,L,196.349375
400,64,L,196.349375
400,64,L,196.349375
400,64,L,196.349375
400,64,L,196.349375
400,64,L,196.349375
400,64,W,502.6544
400,64,W,628.318
400,64,W,628.318
400,64,W,628.318
400,64,W,628.318
400,64,W,1256.636
400,64,W,1256.636
400,64,W,2513.272
400,64,W,2513.272
400,78,G,37256.17264
400,78,L,90.3207125
400,78,L,155.508705
400,78,L,155.508705
400,78,L,155.508705
400,78,L,155.508705
400,78,L,155.508705
400,78,L,155.508705
400,78,L,381.703185
400,78,L,392.69875
400,78,W,188.4954
400,78,W,188.4954
400,78,W,314.159
400,78,W,314.159
400,78,W,314.159
400,78,W,376.9908
400,78,W,471.2385
400,78,W,471.2385
400,78,W,565.4862
400,78,W,848.2293
400,78,W,879.6452
400,78,W,1099.5565
400,78,W,1822.1222
400,78,W,5466.3666
400,78,W,6283.18
400,84,G,39481.51552
400,84,L,263.89356
400,84,L,263.89356
400,84,L,263.89356
400,84,L,263.89356
400,84,L,263.89356
400,84,L,263.89356
400,84,L,263.89356
400,84,L,263.89356
400,84,L,263.89356
400,84,L,263.89356
400,84,L,263.89356
400,84,L,263.89356
400,84,L,263.89356
400,84,L,263.89356
400,84,L,263.89356
400,84,L,263.89356
400,84,L,263.89356
400,84,L,263.89356
400,84,L,263.89356
400,84,L,263.89356
400,84,L,263.89356
400,84,L,263.89356
400,84,W,942.477
400,84,W,1507.9632
400,84,W,1884.954
400,84,W,2042.0335
400,84,W,2261.9448
400,84,W,2261.9448
400,84,W,2419.0243
400,90,G,39240
400,90,W,942.477
400,90,W,1884.954
400,90,W,2387.6084
400,108,G,37528
400,108,L,94.2477
400,108,L,94.2477
400,108,L,94.2477
400,108,L,94.2477
400,108,L,94.2477
400,108,L,94.2477
400,108,L,94.2477
400,108,L,94.2477
400,108,L,94.2477
400,108,L,94.2477
400,108,L,94.2477
400,108,L,94.2477
400,108,L,94.2477
400,108,L,94.2477
400,108,L,94.2477
400,108,L,94.2477
400,108,L,94.2477
400,108,L,94.2477
400,108,L,94.2477
400,108,L,94.2477
400,108,L,94.2477
400,108,L,94.2477
400,108,L,94.2477
400,108,L,94.2477
400,108,L,274.889125
400,108,L,274.889125
400,108,L,274.889125
400,108,L,274.889125
400,108,L,274.889125
400,108,L,274.889125
400,108,L,274.889125
400,108,L,274.889125
400,108,L,274.889125
400,108,L,274.889125
400,108,L,274.889125
400,108,L,274.889125
400,108,L,274.889125
400,108,L,274.889125
400,108,L,274.889125
400,108,L,274.889125
400,108,L,274.889125
400,108,L,274.889125
400,108,L,274.889125
400,108,L,274.889125
400,108,L,274.889125
400,108,L,274.889125
400,108,L,274.889125
400,108,L,274.889125
400,108,L,274.889125
400,108,L,274.889125
400,108,L,274.889125
400,108,L,274.889125
400,108,L,274.889125
400,108,L,274.889125
400,108,L,274.889125
400,108,L,274.889125
400,108,L,274.889125
400,108,L,274.889125
400,108,L,274.889125
400,108,L,274.889125
400,108,L,274.889125
400,108,L,274.889125
400,108,L,274.889125
400,108,L,274.889125
400,108,W,314.159
400,108,W,502.6544
400,108,W,502.6544
400,108,W,502.6544
400,108,W,791.68068
400,108,W,942.477
400,108,W,942.477
400,108,W,1036.7247
400,108,W,1036.7247
400,108,W,1036.7247
400,108,W,1979.2017
400,108,W,18849.54
400,112,G,38902.78983
400,112,W,333.00854
400,112,W,439.8226
400,112,W,439.8226
400,112,W,628.318
400,112,W,942.477
400,112,W,945.61859
400,112,W,1256.636
400,112,W,21991.13
400,128,G,39912.85841
400,128,L,125.6636
400,128,L,125.6636
400,128,L,125.6636
400,128,L,125.6636
400,128,L,125.6636
400,128,L,368.3514275
400,128,L,368.3514275
400,128,L,368.3514275
400,128,L,368.3514275
400,128,L,368.3514275
400,128,L,368.3514275
400,128,L,368.3514275
400,128,L,368.3514275
400,128,L,368.3514275
400,128,L,368.3514275
400,128,L,368.3514275
400,128,W,62.8318
400,128,W,62.8318
400,128,W,62.8318
400,128,W,62.8318
400,128,W,263.89356
400,138,G,31296
400,138,L,127.234395
400,138,L,127.234395
400,138,L,127.234395
400,138,L,127.234395
400,138,L,127.234395
400,138,L,127.234395
400,138,L,127.234395
400,138,L,127.234395
400,138,L,127.234395
400,138,L,127.234395
400,138,L,127.234395
400,138,L,127.234395
400,138,L,127.234395
400,138,L,127.234395
400,138,L,127.234395
400,138,L,127.234395
400,138,L,127.234395
400,138,L,127.234395
400,138,L,127.234395
400,138,L,127.234395
400,138,L,127.234395
400,138,L,127.234395
400,138,L,127.234395
400,138,L,127.234395
400,138,L,127.234395
400,138,L,127.234395
400,138,L,127.234395
400,138,L,127.234395
400,138,L,127.234395
400,138,L,127.234395
400,138,W,314.159
400,138,W,314.159
400,138,W,314.159
400,138,W,314.159
400,138,W,314.159
400,138,W,314.159
400,138,W,314.159
400,138,W,829.37976
400,138,W,2638.9356
400,138,W,3769.908
400,138,W,3769.908
400,138,W,14137.155
800,2,G,36916.90276
800,2,L,56.54862
800,2,L,56.54862
800,2,L,56.54862
800,2,L,56.54862
800,2,L,56.54862
800,2,L,56.54862
800,2,L,56.54862
800,2,L,56.54862
800,2,L,56.54862
800,2,L,56.54862
800,2,L,56.54862
800,2,L,56.54862
800,2,L,56.54862
800,2,L,56.54862
800,2,L,56.54862
800,2,L,56.54862
800,2,L,56.54862
800,2,L,56.54862
800,2,L,56.54862
800,2,L,56.54862
800,2,L,119.38042
800,2,L,119.38042
800,2,L,119.38042
800,2,L,119.38042
800,2,L,119.38042
800,2,L,119.38042
800,2,L,119.38042
800,2,L,119.38042
800,2,L,119.38042
800,2,L,119.38042
800,2,L,164.933475
800,2,L,164.933475
800,2,L,164.933475
800,2,L,164.933475
800,2,L,164.933475
800,2,W,188.4954
800,2,W,314.159
800,2,W,345.5749
800,2,W,502.6544
800,2,W,785.3975
800,2,W,785.3975
800,2,W,848.2293
800,2,W,1413.7155
800,2,W,1413.7155
800,2,W,1658.75952
800,2,W,1727.8745
800,2,W,2513.272
800,2,W,3298.6695
800,2,W,4398.226
800,12,G,33117.50665
800,12,L,113.09724
800,12,L,113.09724
800,12,L,113.09724
800,12,L,113.09724
800,12,L,113.09724
800,12,L,120.951215
800,12,L,120.951215
800,12,L,120.951215
800,12,L,120.951215
800,12,L,120.951215
800,12,L,120.951215
800,12,L,120.951215
800,12,L,518.36235
800,12,L,518.36235
800,12,W,94.2477
800,12,W,94.2477
800,12,W,94.2477
800,12,W,94.2477
800,12,W,94.2477
800,12,W,232.47766
800,12,W,232.47766
800,12,W,376.9908
800,12,W,395.84034
800,12,W,439.8226
800,12,W,628.318
800,12,W,628.318
800,12,W,942.477
800,12,W,942.477
800,12,W,1884.954
800,12,W,2890.2628
800,12,W,15079.632
800,26,B,70.43454347
800,26,B,75.19030132
800,26,B,83.6693371
800,26,B,83.6693371
800,26,B,83.6693371
800,26,B,83.6693371
800,26,B,83.6693371
800,26,B,83.6693371
800,26,B,83.6693371
800,26,B,83.6693371
800,26,B,83.6693371
800,26,B,83.6693371
800,26,B,86.53233293
800,26,B,94.63455191
800,26,B,109.7519946
800,26,B,109.7519946
800,26,B,109.7519946
800,26,B,110.910593
800,26,B,115.6983746
800,26,B,122.0146924
800,26,B,141.3677271
800,26,B,148.0964519
800,26,B,151.0711977
800,26,B,151.0711977
800,26,B,160.7887913
800,26,B,163.0299242
800,26,B,175.0141207
800,26,B,190.0069736
800,26,B,192.9946531
800,26,B,197.5342579
800,26,B,199.7634505
800,26,B,205.0387511
800,26,B,215.565422
800,26,B,238.2309158
800,26,B,247.2658884
800,26,B,259.3463618
800,26,B,263.1540455
800,26,B,327.5040955
800,26,B,415.6739795
800,26,G,35711.21354
800,26,L,47.12385
800,26,L,47.12385
800,26,L,47.12385
800,26,L,47.12385
800,26,L,47.12385
800,26,L,47.12385
800,26,L,47.12385
800,26,L,47.12385
800,26,L,47.12385
800,26,L,259.181175
800,26,L,259.181175
800,26,L,259.181175
800,26,L,259.181175
800,26,L,471.2385
800,26,L,471.2385
800,26,L,471.2385
800,26,L,471.2385
800,26,L,471.2385
800,26,L,471.2385
800,26,W,314.159
800,26,W,458.67214
800,26,W,3141.59
800,26,W,3141.59
800,26,W,5717.6938
800,26,W,6427.69314
800,26,W,7916.8068
800,26,W,8812.15995
800,38,G,33049.10406
800,38,L,122.52201
800,38,L,122.52201
800,38,L,122.52201
800,38,L,122.52201
800,38,L,122.52201
800,38,L,144.51314
800,38,L,144.51314
800,38,L,144.51314
800,38,L,144.51314
800,38,L,144.51314
800,38,L,198.7055675
800,38,L,198.7055675
800,38,L,198.7055675
800,38,L,198.7055675
800,38,L,198.7055675
800,38,L,198.7055675
800,38,L,198.7055675
800,38,W,125.6636
800,38,W,125.6636
800,38,W,141.37155
800,38,W,219.9113
800,38,W,219.9113
800,38,W,241.90243
800,38,W,251.3272
800,38,W,251.3272
800,38,W,251.3272
800,38,W,251.3272
800,38,W,251.3272
800,38,W,376.9908
800,38,W,502.6544
800,38,W,534.0703
800,38,W,628.318
800,38,W,659.7339
800,38,W,1099.5565
800,38,W,1256.636
800,38,W,1507.9632
800,38,W,2827.431
800,38,W,9613.2654
800,38,W,16493.3475
800,46,G,36950
800,46,L,80.110545
800,46,L,80.110545
800,46,L,80.110545
800,46,L,80.110545
800,46,L,80.110545
800,46,L,80.110545
800,46,W,314.159
800,46,W,314.159
800,46,W,314.159
800,46,W,314.159
800,46,W,314.159
800,46,W,314.159
800,46,W,376.9908
800,46,W,376.9908
800,46,W,628.318
800,46,W,628.318
800,46,W,628.318
800,46,W,628.318
800,46,W,628.318
800,46,W,628.318
800,46,W,628.318
800,46,W,942.477
800,46,W,2356.1925
800,58,G,36200
800,58,L,47.12385
800,58,L,47.12385
800,58,L,47.12385
800,58,L,47.12385
800,58,L,47.12385
800,58,L,47.12385
800,58,L,47.12385
800,58,L,47.12385
800,58,L,47.12385
800,58,W,376.9908
800,58,W,565.4862
800,58,W,10995.565
800,66,G,32684.29205
800,66,L,113.09724
800,66,L,113.09724
800,66,L,113.09724
800,66,L,113.09724
800,66,L,113.09724
800,66,L,113.09724
800,66,L,113.09724
800,66,L,113.09724
800,66,L,113.09724
800,66,L,113.09724
800,66,L,113.09724
800,66,L,113.09724
800,66,L,113.09724
800,66,L,113.09724
800,66,L,113.09724
800,66,L,113.09724
800,66,L,113.09724
800,66,L,113.09724
800,66,L,113.09724
800,66,L,141.37155
800,66,L,141.37155
800,66,L,141.37155
800,66,L,141.37155
800,66,L,141.37155
800,66,L,141.37155
800,66,L,141.37155
800,66,L,141.37155
800,66,L,141.37155
800,66,L,141.37155
800,66,L,141.37155
800,66,L,157.0795
800,66,L,157.0795
800,66,L,157.0795
800,66,L,157.0795
800,66,L,157.0795
800,66,L,157.0795
800,66,L,157.0795
800,66,L,376.9908
800,66,L,376.9908
800,66,W,78.53975
800,66,W,78.53975
800,66,W,78.53975
800,66,W,314.159
800,66,W,314.159
800,66,W,314.159
800,66,W,314.159
800,66,W,314.159
800,66,W,314.159
800,66,W,628.318
800,66,W,628.318
800,66,W,942.477
800,66,W,1884.954
800,66,W,3455.749
800,66,W,3769.908
800,66,W,7225.657
800,66,W,7853.975
800,66,W,11623.883
800,66,W,15079.632
800,78,G,36585.86285
800,78,L,175.92904
800,78,L,175.92904
800,78,L,175.92904
800,78,L,175.92904
800,78,L,175.92904
800,78,L,175.92904
800,78,L,175.92904
800,78,L,175.92904
800,78,L,175.92904
800,78,L,175.92904
800,78,L,175.92904
800,78,L,175.92904
800,78,L,175.92904
800,78,L,175.92904
800,78,L,175.92904
800,78,L,175.92904
800,78,L,175.92904
800,78,L,175.92904
800,78,L,175.92904
800,78,L,175.92904
800,78,L,175.92904
800,78,L,175.92904
800,78,L,175.92904
800,78,L,175.92904
800,78,L,175.92904
800,78,L,175.92904
800,78,L,175.92904
800,78,L,175.92904
800,78,L,175.92904
800,78,L,175.92904
800,78,L,175.92904
800,78,L,175.92904
800,78,L,175.92904
800,78,L,175.92904
800,78,L,175.92904
800,78,L,175.92904
800,78,L,353.428875
800,78,L,353.428875
800,78,L,353.428875
800,78,W,125.6636
800,78,W,125.6636
800,78,W,125.6636
800,78,W,125.6636
800,78,W,125.6636
800,78,W,125.6636
800,78,W,125.6636
800,78,W,125.6636
800,78,W,125.6636
800,78,W,125.6636
800,78,W,125.6636
800,78,W,125.6636
800,78,W,125.6636
800,78,W,314.159
800,78,W,628.318
800,78,W,10681.406
800,102,G,39271.98021
800,102,L,298.45105
800,102,L,298.45105
800,102,L,298.45105
800,102,L,298.45105
800,102,L,298.45105
800,102,L,298.45105
800,102,L,298.45105
800,102,L,298.45105
800,102,L,298.45105
800,102,L,298.45105
800,102,L,298.45105
800,102,L,298.45105
800,102,L,298.45105
800,102,L,298.45105
800,102,L,298.45105
800,102,L,298.45105
800,102,L,298.45105
800,102,L,298.45105
800,102,L,298.45105
800,102,L,298.45105
800,102,L,298.45105
800,102,L,298.45105
800,102,L,298.45105
800,102,L,298.45105
800,102,L,298.45105
800,102,L,298.45105
800,102,L,298.45105
800,102,L,298.45105
800,102,L,298.45105
800,102,L,298.45105
800,102,L,461.81373
800,102,L,461.81373
800,102,L,461.81373
800,102,L,461.81373
800,102,W,314.159
800,102,W,314.159
800,102,W,314.159
800,102,W,314.159
800,102,W,314.159
800,102,W,314.159
800,102,W,314.159
800,102,W,314.159
800,102,W,314.159
800,102,W,471.2385
800,102,W,471.2385
800,102,W,471.2385
800,102,W,471.2385
800,102,W,471.2385
800,102,W,471.2385
800,102,W,1570.795
800,102,W,1884.954
800,102,W,1884.954
800,116,G,29979.55848
800,116,L,78.53975
800,116,L,78.53975
800,116,L,78.53975
800,116,L,109.95565
800,116,L,109.95565
800,116,L,109.95565
800,116,L,109.95565
800,116,L,109.95565
800,116,L,109.95565
800,116,L,148.4401275
800,116,L,148.4401275
800,116,L,148.4401275
800,116,L,148.4401275
800,116,L,148.4401275
800,116,L,565.4862
800,116,L,565.4862
800,116,L,565.4862
800,116,L,565.4862
800,116,L,612.61005
800,116,L,612.61005
800,116,L,612.61005
800,116,W,125.6636
800,116,W,1130.9724
800,116,W,1979.2017
800,116,W,3141.59
800,116,W,3392.9172
800,116,W,6283.18
800,116,W,18849.54
800,116,W,18849.54
CULV,6,B,79.30672584
CULV,6,B,171.3025278
CULV,6,B,171.3025278
CULV,6,B,171.3025278
CULV,6,B,171.3025278
CULV,6,B,171.3025278
CULV,6,B,171.3025278
CULV,6,B,171.3025278
CULV,6,B,171.3025278
CULV,6,B,171.3025278
CULV,6,B,171.3025278
CULV,6,B,171.3025278
CULV,6,B,171.3025278
CULV,6,B,171.3025278
CULV,6,B,185.8244607
CULV,6,B,212.7356146
CULV,6,B,223.3011758
CULV,6,B,279.019778
CULV,6,B,279.019778
CULV,6,B,315.8741297
CULV,6,B,317.2269033
CULV,6,B,367.6448159
CULV,6,B,383.5033631
CULV,6,B,456.8067408
CULV,6,B,516.2867852
CULV,6,B,647.4237623
CULV,6,B,668.7629393
CULV,6,B,692.5154578
CULV,6,B,713.5123561
CULV,6,B,742.3109538
CULV,6,B,856.512639
CULV,6,B,877.4843916
CULV,6,B,950.1063851
CULV,6,B,1023.056763
CULV,6,B,1108.947855
CULV,6,B,1142.8741
CULV,6,B,1571.23865
CULV,6,B,1595.546009
CULV,6,B,1808.082482
CULV,6,B,2001.389994
CULV,6,B,2061.654749
CULV,6,B,2105.505832
CULV,6,B,2139.747263
CULV,6,B,2293.707423
CULV,6,B,2994.215101
CULV,6,B,3831.833797
CULV,6,B,4459.836496
CULV,6,G,10000
CULV,6,G,20878.29051
CULV,6,L,127.234395
CULV,6,L,127.234395
CULV,6,L,127.234395
CULV,6,L,127.234395
CULV,6,L,127.234395
CULV,6,L,127.234395
CULV,6,L,127.234395
CULV,6,L,127.234395
CULV,6,L,127.234395
CULV,6,L,127.234395
CULV,6,L,127.234395
CULV,6,L,127.234395
CULV,6,L,127.234395
CULV,6,L,127.234395
CULV,6,L,127.234395
CULV,6,L,127.234395
CULV,6,L,127.234395
CULV,6,L,127.234395
CULV,6,L,127.234395
CULV,6,L,127.234395
CULV,6,L,127.234395
CULV,6,L,127.234395
CULV,6,L,127.234395
CULV,6,L,127.234395
CULV,6,L,127.234395
CULV,6,L,127.234395
CULV,6,L,127.234395
CULV,6,L,127.234395
CULV,6,L,395.84034
CULV,6,L,395.84034
CULV,6,L,395.84034
CULV,6,L,395.84034
CULV,6,L,395.84034
CULV,6,L,395.84034
CULV,6,L,395.84034
CULV,6,L,395.84034
CULV,6,L,395.84034
CULV,6,L,395.84034
CULV,6,L,395.84034
CULV,6,L,395.84034
CULV,6,L,395.84034
CULV,6,L,395.84034
CULV,6,W,314.159
CULV,6,W,314.159
CULV,6,W,314.159
CULV,6,W,314.159
CULV,6,W,314.159
CULV,6,W,314.159
CULV,6,W,314.159
CULV,6,W,314.159
CULV,6,W,2638.9356
CULV,6,W,6220.3482
CULV,6,W,32138.4657
CULV,16,B,188.7500075
CULV,16,B,226.0241686
CULV,16,B,226.0241686
CULV,16,B,226.0241686
CULV,16,B,226.0241686
CULV,16,B,226.0241686
CULV,16,B,226.0241686
CULV,16,B,226.0241686
CULV,16,B,226.0241686
CULV,16,B,226.0241686
CULV,16,B,226.0241686
CULV,16,B,226.0241686
CULV,16,B,226.0241686
CULV,16,B,226.0241686
CULV,16,B,416.3603106
CULV,16,B,1275.788624
CULV,16,B,4008.316534
CULV,16,B,6421.617594
CULV,16,G,18433.13199
CULV,16,G,20000
CULV,16,L,66.7587875
CULV,16,L,66.7587875
CULV,16,L,66.7587875
CULV,16,L,224.623685
CULV,16,L,224.623685
CULV,16,L,224.623685
CULV,16,L,224.623685
CULV,16,L,224.623685
CULV,16,W,314.159
CULV,16,W,314.159
CULV,16,W,6283.18
CULV,26,B,180.8193349
CULV,26,B,180.8193349
CULV,26,B,180.8193349
CULV,26,B,180.8193349
CULV,26,B,180.8193349
CULV,26,B,383.1425767
CULV,26,B,383.1425767
CULV,26,B,383.1425767
CULV,26,B,383.1425767
CULV,26,B,383.1425767
CULV,26,B,383.1425767
CULV,26,B,783.5504513
CULV,26,B,924.469107
CULV,26,B,5271.325831
CULV,26,G,15656.19712
CULV,26,G,20000
CULV,26,L,94.2477
CULV,26,L,94.2477
CULV,26,L,94.2477
CULV,26,L,94.2477
CULV,26,L,94.2477
CULV,26,L,94.2477
CULV,26,L,94.2477
CULV,26,L,94.2477
CULV,26,L,94.2477
CULV,26,L,94.2477
CULV,26,L,94.2477
CULV,26,L,94.2477
CULV,26,L,94.2477
CULV,26,L,94.2477
CULV,26,L,94.2477
CULV,26,L,94.2477
CULV,26,L,94.2477
CULV,26,W,942.477
CULV,26,W,942.477
CULV,26,W,1068.1406
CULV,26,W,1068.1406
CULV,26,W,2010.6176
CULV,26,W,2356.1925
CULV,26,W,3298.6695
CULV,26,W,4146.8988
CULV,26,W,7539.816
CULV,26,W,7539.816
CULV,26,W,7539.816
CULV,32,B,42.82563195
CULV,32,B,99.92647455
CULV,32,B,134.0283667
CULV,32,B,306.0160361
CULV,32,B,396.5336292
CULV,32,B,850.9611682
CULV,32,B,875.6836431
CULV,32,B,1034.345769
CULV,32,B,1227.454665
CULV,32,B,1227.454665
CULV,32,B,1227.454665
CULV,32,B,1227.454665
CULV,32,B,1408.883874
CULV,32,B,1408.883874
CULV,32,B,1408.883874
CULV,32,B,1568.058574
CULV,32,B,1619.479026
CULV,32,B,2500.349581
CULV,32,B,5787.435408
CULV,32,G,2426.411908
CULV,32,G,30000
CULV,32,L,157.0795
CULV,32,L,157.0795
CULV,32,W,314.159
CULV,32,W,1884.954
CULV,48,B,103.0987436
CULV,48,B,120.5462233
CULV,48,B,224.6275711
CULV,48,B,237.1271103
CULV,48,B,256.1607245
CULV,48,B,262.1247224
CULV,48,B,504.5767098
CULV,48,B,556.7332154
CULV,48,B,666.176497
CULV,48,B,733.6491002
CULV,48,B,821.974508
CULV,48,B,934.0649426
CULV,48,B,1113.136861
CULV,48,B,1410.798967
CULV,48,B,2984.649786
CULV,48,B,6845.577159
CULV,48,B,7944.556146
CULV,48,G,14396.58535
CULV,48,G,20000
CULV,48,L,131.94678
CULV,48,L,131.94678
CULV,48,L,131.94678
CULV,48,L,131.94678
CULV,48,L,131.94678
CULV,48,L,131.94678
CULV,48,L,131.94678
CULV,48,L,131.94678
CULV,48,L,131.94678
CULV,48,L,131.94678
CULV,48,L,131.94678
CULV,48,L,131.94678
CULV,48,L,131.94678
CULV,48,L,131.94678
CULV,48,L,131.94678
CULV,48,L,131.94678
CULV,48,L,131.94678
CULV,48,L,131.94678
CULV,48,L,267.03515
CULV,48,L,267.03515
CULV,48,L,267.03515
CULV,48,L,267.03515
CULV,48,L,267.03515
CULV,48,L,267.03515
CULV,48,L,267.03515
CULV,48,L,267.03515
CULV,48,L,267.03515
CULV,48,L,267.03515
CULV,48,L,267.03515
CULV,48,L,267.03515
CULV,48,W,2827.431
CULV,48,W,2984.5105
CULV,52,B,198.7722071
CULV,52,B,198.7722071
CULV,52,B,198.7722071
CULV,52,B,233.161774
CULV,52,B,297.4002219
CULV,52,B,365.551076
CULV,52,B,456.8067408
CULV,52,B,541.6338724
CULV,52,B,685.4237597
CULV,52,B,927.5719229
CULV,52,B,1254.485423
CULV,52,B,1860.796831
CULV,52,B,2974.27652
CULV,52,B,3347.976974
CULV,52,B,3839.04627
CULV,52,B,5762.163488
CULV,52,G,14708.77704
CULV,52,G,20000
CULV,52,L,691.1498
CULV,52,L,691.1498
CULV,52,L,691.1498
CULV,52,L,691.1498
CULV,52,L,691.1498
CULV,52,L,691.1498
CULV,52,L,691.1498
CULV,52,L,691.1498
CULV,52,L,691.1498
CULV,52,L,691.1498
CULV,52,L,691.1498
CULV,52,L,691.1498
CULV,52,L,691.1498
CULV,52,L,691.1498
CULV,52,L,691.1498
CULV,52,L,691.1498
CULV,52,L,691.1498
CULV,52,L,691.1498
CULV,52,L,691.1498
CULV,52,L,691.1498
CULV,52,L,691.1498
CULV,52,W,314.159
CULV,52,W,314.159
CULV,52,W,314.159
CULV,52,W,1005.3088
CULV,68,B,113.4086179
CULV,68,B,113.4086179
CULV,68,B,113.4086179
CULV,68,B,113.4086179
CULV,68,B,113.4086179
CULV,68,B,113.4086179
CULV,68,B,222.0588323
CULV,68,B,222.0588323
CULV,68,B,222.0588323
CULV,68,B,222.0588323
CULV,68,B,222.0588323
CULV,68,B,244.2647156
CULV,68,B,496.076224
CULV,68,B,1920.829098
CULV,68,B,2637.291222
CULV,68,B,3698.173276
CULV,68,G,16461.78426
CULV,68,G,20000
CULV,68,L,62.8318
CULV,68,L,62.8318
CULV,68,L,62.8318
CULV,68,L,62.8318
CULV,68,L,62.8318
CULV,68,L,62.8318
CULV,68,L,62.8318
CULV,68,L,62.8318
CULV,68,L,62.8318
CULV,68,L,62.8318
CULV,68,L,62.8318
CULV,68,L,62.8318
CULV,68,L,62.8318
CULV,68,L,62.8318
CULV,68,L,62.8318
CULV,68,L,62.8318
CULV,68,L,62.8318
CULV,68,L,62.8318
CULV,68,L,62.8318
CULV,68,L,62.8318
CULV,68,L,62.8318
CULV,68,L,62.8318
CULV,68,L,62.8318
CULV,68,L,62.8318
CULV,68,L,62.8318
CULV,68,L,62.8318
CULV,68,L,62.8318
CULV,68,L,62.8318
CULV,68,L,62.8318
CULV,68,L,62.8318
CULV,68,L,62.8318
CULV,68,L,62.8318
CULV,68,L,62.8318
CULV,68,L,62.8318
CULV,68,L,62.8318
CULV,68,L,62.8318
CULV,68,L,62.8318
CULV,68,L,62.8318
CULV,68,L,62.8318
CULV,68,L,62.8318
CULV,68,L,62.8318
CULV,68,L,62.8318
CULV,68,L,62.8318
CULV,68,L,62.8318
CULV,68,L,62.8318
CULV,68,L,62.8318
CULV,68,L,62.8318
CULV,68,L,62.8318
CULV,68,L,62.8318
CULV,68,L,62.8318
CULV,68,L,197.92017
CULV,68,L,197.92017
CULV,68,L,197.92017
CULV,68,L,197.92017
CULV,68,L,197.92017
CULV,68,L,197.92017
CULV,68,L,197.92017
CULV,68,L,197.92017
CULV,68,L,197.92017
CULV,68,L,197.92017
CULV,68,L,1036.7247
CULV,68,L,1036.7247
CULV,68,L,1036.7247
CULV,68,L,1036.7247
CULV,68,L,1036.7247
CULV,68,L,1036.7247
CULV,68,L,1036.7247
CULV,68,W,879.6452
CULV,68,W,879.6452
CULV,68,W,879.6452
CULV,68,W,1130.9724
CULV,68,W,6283.18
CULV,70,B,134.8214339
CULV,70,B,134.8214339
CULV,70,B,134.8214339
CULV,70,B,134.8214339
CULV,70,B,134.8214339
CULV,70,G,18040
CULV,70,G,20000
CULV,70,L,212.057325
CULV,70,L,212.057325
CULV,70,L,212.057325
CULV,70,L,212.057325
CULV,70,L,212.057325
CULV,70,L,212.057325
CULV,70,L,1036.7247
CULV,70,L,1036.7247
CULV,70,L,1036.7247
CULV,70,L,1036.7247
CULV,70,L,1036.7247
CULV,70,L,1036.7247
CULV,70,W,5654.862
CULV,70,W,6157.5164
CULV,82,B,590.0420402
CULV,82,B,873.4427733
CULV,82,B,873.4427733
CULV,82,B,873.4427733
CULV,82,B,873.4427733
CULV,82,B,873.4427733
CULV,82,B,873.4427733
CULV,82,B,873.4427733
CULV,82,B,873.4427733
CULV,82,B,873.4427733
CULV,82,B,873.4427733
CULV,82,B,873.4427733
CULV,82,B,873.4427733
CULV,82,B,1808.932208
CULV,82,B,2596.969271
CULV,82,B,3216.505579
CULV,82,B,3216.505579
CULV,82,G,10000
CULV,82,G,18115.59873
CULV,82,L,142.942345
CULV,82,L,142.942345
CULV,82,L,142.942345
CULV,82,L,691.1498
CULV,82,L,691.1498
CULV,82,L,691.1498
CULV,82,L,691.1498
CULV,82,L,691.1498
CULV,82,L,691.1498
CULV,82,L,691.1498
CULV,82,L,691.1498
CULV,82,L,691.1498
CULV,82,L,691.1498
CULV,82,L,691.1498
CULV,82,L,691.1498
CULV,82,W,628.318
CULV,82,W,628.318
CULV,82,W,691.1498
CULV,82,W,753.9816
CULV,82,W,1319.4678
CULV,98,B,99.92647455
CULV,98,B,99.92647455
CULV,98,B,99.92647455
CULV,98,B,99.92647455
CULV,98,B,99.92647455
CULV,98,B,164.9579897
CULV,98,B,164.9579897
CULV,98,B,164.9579897
CULV,98,B,164.9579897
CULV,98,B,164.9579897
CULV,98,B,164.9579897
CULV,98,B,164.9579897
CULV,98,B,164.9579897
CULV,98,B,273.2121039
CULV,98,B,471.4219331
CULV,98,B,555.1470809
CULV,98,B,1329.764412
CULV,98,B,9057.97146
CULV,98,G,30839.61427
CULV,98,W,1256.636
CULV,98,W,8972.38104
CULV,98,W,25132.72
CULV,100,B,207.2627935
CULV,100,B,207.2627935
CULV,100,B,207.2627935
CULV,100,B,207.2627935
CULV,100,B,435.1658395
CULV,100,B,435.1658395
CULV,100,B,435.1658395
CULV,100,B,435.1658395
CULV,100,G,10000
CULV,100,G,19385.26643
CULV,100,L,50.26544
CULV,100,L,50.26544
CULV,100,L,50.26544
CULV,100,L,50.26544
CULV,100,L,50.26544
CULV,100,L,50.26544
CULV,100,L,50.26544
CULV,100,L,50.26544
CULV,100,L,50.26544
CULV,100,L,50.26544
CULV,100,L,50.26544
CULV,100,L,50.26544
CULV,100,L,50.26544
CULV,100,L,50.26544
CULV,100,L,50.26544
CULV,100,L,50.26544
CULV,100,L,50.26544
CULV,100,L,50.26544
CULV,100,L,50.26544
CULV,100,L,50.26544
CULV,100,L,50.26544
CULV,100,L,50.26544
CULV,100,L,50.26544
CULV,100,L,50.26544
CULV,100,L,50.26544
CULV,100,W,4146.8988
CULV,100,W,4146.8988
CULV,100,W,6534.5072
CULV,100,W,17090.2496
CULV,100,W,18849.54
CULV,100,W,30159.264
CULV,112,B,95.168071
CULV,112,B,95.168071
CULV,112,B,95.168071
CULV,112,B,95.168071
CULV,112,B,154.6481154
CULV,112,B,154.6481154
CULV,112,B,154.6481154
CULV,112,B,215.7142943
CULV,112,B,572.5945605
CULV,112,B,1998.529491
CULV,112,G,7402.324085
CULV,112,G,30000
CULV,112,L,102.101675
CULV,112,L,102.101675
CULV,112,L,102.101675
CULV,112,L,102.101675
CULV,112,L,102.101675
CULV,112,L,102.101675
CULV,112,L,102.101675
CULV,112,L,102.101675
CULV,112,L,102.101675
CULV,112,L,102.101675
CULV,112,L,102.101675
CULV,112,L,102.101675
CULV,112,L,102.101675
CULV,112,L,102.101675
CULV,112,L,102.101675
CULV,112,L,102.101675
CULV,112,L,102.101675
CULV,112,L,102.101675
CULV,112,L,102.101675
CULV,112,L,102.101675
CULV,112,L,102.101675
CULV,112,L,102.101675
CULV,112,L,102.101675
CULV,112,L,102.101675
CULV,112,L,102.101675
CULV,112,L,102.101675
CULV,112,L,102.101675
CULV,112,L,102.101675
CULV,112,L,102.101675
CULV,112,L,102.101675
CULV,112,L,102.101675
CULV,112,L,102.101675
CULV,112,L,102.101675
CULV,112,L,102.101675
CULV,112,L,102.101675
CULV,112,L,102.101675
CULV,112,L,102.101675
CULV,112,L,102.101675
CULV,112,L,102.101675
CULV,112,L,102.101675
CULV,112,W,376.9908
CULV,112,W,376.9908
CULV,112,W,376.9908
CULV,112,W,376.9908
CULV,112,W,376.9908
CULV,112,W,376.9908
CULV,112,W,376.9908
CULV,112,W,376.9908
CULV,112,W,376.9908
CULV,112,W,376.9908
CULV,112,W,376.9908
CULV,112,W,376.9908
CULV,112,W,1884.954
DOWN,6,B,82.47899487
DOWN,6,B,82.47899487
DOWN,6,B,82.47899487
DOWN,6,B,82.47899487
DOWN,6,B,82.47899487
DOWN,6,B,82.47899487
DOWN,6,B,82.47899487
DOWN,6,B,82.47899487
DOWN,6,B,264.0210916
DOWN,6,B,264.0210916
DOWN,6,B,264.0210916
DOWN,6,B,264.0210916
DOWN,6,B,264.0210916
DOWN,6,B,264.0210916
DOWN,6,B,264.0210916
DOWN,6,B,264.0210916
DOWN,6,B,264.0210916
DOWN,6,B,264.0210916
DOWN,6,B,264.0210916
DOWN,6,B,264.0210916
DOWN,6,B,310.089298
DOWN,6,B,310.089298
DOWN,6,B,310.089298
DOWN,6,B,310.089298
DOWN,6,B,310.089298
DOWN,6,B,310.089298
DOWN,6,B,310.089298
DOWN,6,B,639.809476
DOWN,6,B,639.809476
DOWN,6,B,639.809476
DOWN,6,B,639.809476
DOWN,6,B,731.9158932
DOWN,6,B,908.6528549
DOWN,6,B,1739.873628
DOWN,6,B,1954.288223
DOWN,6,B,1957.686886
DOWN,6,B,2102.642117
DOWN,6,B,2197.695613
DOWN,6,B,3281.905735
DOWN,6,B,3281.905735
DOWN,6,B,3281.905735
DOWN,6,B,4018.897834
DOWN,6,B,5514.914747
DOWN,6,B,5912.72121
DOWN,6,B,7179.23283
DOWN,6,B,8037.590098
DOWN,6,B,9885.373753
DOWN,6,B,10219.35616
DOWN,6,B,12565.29156
DOWN,6,B,15631.45598
DOWN,6,B,16267.43486
DOWN,6,B,17743.18259
DOWN,6,B,21861.82116
DOWN,6,B,33887.53049
DOWN,6,G,39346.54928
DOWN,6,G,40000
DOWN,6,L,82.4667375
DOWN,6,L,82.4667375
DOWN,6,L,82.4667375
DOWN,6,L,82.4667375
DOWN,6,L,82.4667375
DOWN,6,L,82.4667375
DOWN,6,L,82.4667375
DOWN,6,L,82.4667375
DOWN,6,L,82.4667375
DOWN,6,L,82.4667375
DOWN,6,L,82.4667375
DOWN,6,L,82.4667375
DOWN,6,L,82.4667375
DOWN,6,L,82.4667375
DOWN,6,L,82.4667375
DOWN,6,L,82.4667375
DOWN,6,L,82.4667375
DOWN,6,L,82.4667375
DOWN,6,L,82.4667375
DOWN,6,L,82.4667375
DOWN,6,L,82.4667375
DOWN,6,L,82.4667375
DOWN,6,L,82.4667375
DOWN,6,L,82.4667375
DOWN,6,L,82.4667375
DOWN,6,L,82.4667375
DOWN,6,L,82.4667375
DOWN,6,L,82.4667375
DOWN,6,L,82.4667375
DOWN,6,L,82.4667375
DOWN,6,L,82.4667375
DOWN,6,L,82.4667375
DOWN,6,L,82.4667375
DOWN,6,L,82.4667375
DOWN,6,L,82.4667375
DOWN,6,L,82.4667375
DOWN,6,L,82.4667375
DOWN,6,L,82.4667375
DOWN,6,L,82.4667375
DOWN,6,L,82.4667375
DOWN,6,L,82.4667375
DOWN,6,L,82.4667375
DOWN,6,L,82.4667375
DOWN,6,L,82.4667375
DOWN,6,L,82.4667375
DOWN,6,L,82.4667375
DOWN,6,L,82.4667375
DOWN,6,L,82.4667375
DOWN,6,L,82.4667375
DOWN,6,L,82.4667375
DOWN,6,L,82.4667375
DOWN,6,L,82.4667375
DOWN,6,L,82.4667375
DOWN,6,L,82.4667375
DOWN,6,L,82.4667375
DOWN,6,L,82.4667375
DOWN,6,L,82.4667375
DOWN,6,L,82.4667375
DOWN,6,L,82.4667375
DOWN,6,L,82.4667375
DOWN,6,L,82.4667375
DOWN,6,L,82.4667375
DOWN,6,L,82.4667375
DOWN,6,L,82.4667375
DOWN,6,L,82.4667375
DOWN,6,W,314.159
DOWN,6,W,314.159
DOWN,6,W,314.159
DOWN,6,W,314.159
DOWN,6,W,314.159
DOWN,6,W,314.159
DOWN,6,W,314.159
DOWN,6,W,314.159
DOWN,6,W,12252.201
DOWN,6,W,22619.448
DOWN,6,W,32672.536
DOWN,16,B,396.5336292
DOWN,16,B,396.5336292
DOWN,16,B,396.5336292
DOWN,16,B,396.5336292
DOWN,16,B,396.5336292
DOWN,16,B,396.5336292
DOWN,16,B,396.5336292
DOWN,16,B,396.5336292
DOWN,16,B,703.4195455
DOWN,16,B,894.8967097
DOWN,16,B,894.8967097
DOWN,16,B,894.8967097
DOWN,16,B,894.8967097
DOWN,16,B,894.8967097
DOWN,16,B,894.8967097
DOWN,16,B,894.8967097
DOWN,16,B,1637.808812
DOWN,16,B,1787.5736
DOWN,16,B,2289.854564
DOWN,16,B,2289.854564
DOWN,16,B,2289.854564
DOWN,16,B,2537.775611
DOWN,16,B,2703.341519
DOWN,16,B,3491.596695
DOWN,16,B,3491.596695
DOWN,16,B,4484.602035
DOWN,16,B,4644.921026
DOWN,16,B,5428.287577
DOWN,16,B,5858.865069
DOWN,16,B,6021.215513
DOWN,16,B,6232.963845
DOWN,16,B,6768.523053
DOWN,16,B,7351.733485
DOWN,16,B,8574.122351
DOWN,16,B,10439.80728
DOWN,16,B,17664.97767
DOWN,16,B,51799.0664
DOWN,16,G,28396.94181
DOWN,16,G,35283
DOWN,16,G,40000
DOWN,16,L,43.98226
DOWN,16,L,43.98226
DOWN,16,L,43.98226
DOWN,16,L,43.98226
DOWN,16,L,43.98226
DOWN,16,L,43.98226
DOWN,16,L,43.98226
DOWN,16,L,43.98226
DOWN,16,L,43.98226
DOWN,16,L,43.98226
DOWN,16,L,78.53975
DOWN,16,L,78.53975
DOWN,16,L,78.53975
DOWN,16,L,78.53975
DOWN,16,L,78.53975
DOWN,16,L,78.53975
DOWN,16,L,78.53975
DOWN,16,L,78.53975
DOWN,16,L,120.1658175
DOWN,16,L,120.1658175
DOWN,16,L,120.1658175
DOWN,16,L,120.1658175
DOWN,16,L,120.1658175
DOWN,16,L,120.1658175
DOWN,16,L,120.1658175
DOWN,16,L,120.1658175
DOWN,16,L,120.1658175
DOWN,16,L,120.1658175
DOWN,16,L,120.1658175
DOWN,16,L,120.1658175
DOWN,16,L,120.1658175
DOWN,16,L,120.1658175
DOWN,16,L,120.1658175
DOWN,16,L,120.1658175
DOWN,16,L,120.1658175
DOWN,16,L,120.1658175
DOWN,16,L,120.1658175
DOWN,16,L,120.1658175
DOWN,16,L,120.1658175
DOWN,16,L,120.1658175
DOWN,16,L,120.1658175
DOWN,16,L,120.1658175
DOWN,16,L,120.1658175
DOWN,16,L,120.1658175
DOWN,16,L,120.1658175
DOWN,16,L,120.1658175
DOWN,16,L,120.1658175
DOWN,16,L,120.1658175
DOWN,16,L,120.1658175
DOWN,16,L,120.1658175
DOWN,16,L,120.1658175
DOWN,16,L,120.1658175
DOWN,16,L,120.1658175
DOWN,16,L,120.1658175
DOWN,16,L,120.1658175
DOWN,16,L,120.1658175
DOWN,16,L,120.1658175
DOWN,16,L,120.1658175
DOWN,16,L,120.1658175
DOWN,16,L,120.1658175
DOWN,16,L,120.1658175
DOWN,16,L,120.1658175
DOWN,16,L,120.1658175
DOWN,16,L,120.1658175
DOWN,16,L,120.1658175
DOWN,16,L,120.1658175
DOWN,16,L,120.1658175
DOWN,16,L,120.1658175
DOWN,16,L,125.6636
DOWN,16,L,125.6636
DOWN,16,L,125.6636
DOWN,16,L,125.6636
DOWN,16,L,125.6636
DOWN,16,L,125.6636
DOWN,16,L,125.6636
DOWN,16,L,125.6636
DOWN,16,L,125.6636
DOWN,16,L,125.6636
DOWN,16,L,125.6636
DOWN,16,L,125.6636
DOWN,16,L,125.6636
DOWN,16,L,125.6636
DOWN,16,L,125.6636
DOWN,16,L,125.6636
DOWN,16,L,125.6636
DOWN,16,L,125.6636
DOWN,16,L,125.6636
DOWN,16,L,125.6636
DOWN,16,L,125.6636
DOWN,16,L,125.6636
DOWN,16,L,125.6636
DOWN,16,L,125.6636
DOWN,16,L,125.6636
DOWN,16,L,125.6636
DOWN,16,L,125.6636
DOWN,16,L,125.6636
DOWN,16,L,125.6636
DOWN,16,L,125.6636
DOWN,16,L,125.6636
DOWN,16,L,125.6636
DOWN,16,L,125.6636
DOWN,16,L,125.6636
DOWN,16,L,125.6636
DOWN,16,L,125.6636
DOWN,16,L,125.6636
DOWN,16,L,131.94678
DOWN,16,L,131.94678
DOWN,16,L,131.94678
DOWN,16,L,131.94678
DOWN,16,L,131.94678
DOWN,16,L,131.94678
DOWN,16,L,131.94678
DOWN,16,L,131.94678
DOWN,16,L,131.94678
DOWN,16,L,131.94678
DOWN,16,L,131.94678
DOWN,16,L,131.94678
DOWN,16,L,131.94678
DOWN,16,L,131.94678
DOWN,16,L,131.94678
DOWN,16,L,131.94678
DOWN,16,L,255.2541875
DOWN,16,L,255.2541875
DOWN,16,L,255.2541875
DOWN,16,L,255.2541875
DOWN,16,L,255.2541875
DOWN,16,W,942.477
DOWN,16,W,942.477
DOWN,16,W,942.477
DOWN,16,W,942.477
DOWN,16,W,942.477
DOWN,16,W,942.477
DOWN,16,W,3656.81076
DOWN,16,W,4599.28776
DOWN,16,W,5356.41095
DOWN,16,W,6911.498
DOWN,16,W,8042.4704
DOWN,16,W,8042.4704
DOWN,26,B,471.0819515
DOWN,26,B,926.8502473
DOWN,26,B,926.8502473
DOWN,26,B,926.8502473
DOWN,26,B,926.8502473
DOWN,26,B,926.8502473
DOWN,26,B,926.8502473
DOWN,26,B,926.8502473
DOWN,26,B,926.8502473
DOWN,26,B,1438.793792
DOWN,26,B,1731.265825
DOWN,26,B,2074.534939
DOWN,26,B,2074.534939
DOWN,26,B,2074.534939
DOWN,26,B,2074.534939
DOWN,26,B,2074.534939
DOWN,26,B,2074.534939
DOWN,26,B,2074.534939
DOWN,26,B,3486.826664
DOWN,26,B,3960.957646
DOWN,26,B,4577.663312
DOWN,26,B,6106.734093
DOWN,26,B,7891.05089
DOWN,26,B,10547.12648
DOWN,26,B,11030.56178
DOWN,26,B,25695.37917
DOWN,26,B,31722.69033
DOWN,26,L,18142.68225
DOWN,26,W,439.8226
DOWN,26,W,439.8226
DOWN,26,W,439.8226
DOWN,26,W,439.8226
DOWN,26,W,439.8226
DOWN,26,W,1859.82128
DOWN,26,W,2488.13928
DOWN,26,W,2905.97075
DOWN,26,W,4398.226
DOWN,26,W,4555.3055
DOWN,26,W,5654.862
DOWN,26,W,10053.088
DOWN,26,W,12534.9441
DOWN,26,W,12534.9441
DOWN,32,B,1910.799284
DOWN,32,B,12088.72326
DOWN,32,B,23024.82854
DOWN,32,G,4738.221315
DOWN,32,G,20000
DOWN,32,W,1413.7155
DOWN,32,W,1413.7155
DOWN,48,B,615.4224373
DOWN,48,B,615.4224373
DOWN,48,B,1331.186206
DOWN,48,B,1552.140422
DOWN,48,B,2706.53576
DOWN,48,B,2897.047031
DOWN,48,B,5331.147514
DOWN,48,B,7764.128459
DOWN,48,G,11106.15871
DOWN,48,G,20000
DOWN,52,B,215.7142943
DOWN,52,B,215.7142943
DOWN,52,B,215.7142943
DOWN,52,B,951.68071
DOWN,52,B,951.68071
DOWN,52,B,951.68071
DOWN,52,B,951.68071
DOWN,52,B,4425.315302
DOWN,52,B,20575.63913
DOWN,52,B,21979.08678
DOWN,52,G,40000
DOWN,52,W,157.0795
DOWN,52,W,157.0795
DOWN,52,W,157.0795
DOWN,52,W,157.0795
EBRA,66,B,166.3062608
EBRA,66,B,166.3062608
EBRA,66,B,166.3062608
EBRA,66,B,166.3062608
EBRA,66,B,166.3062608
EBRA,66,B,166.3062608
EBRA,66,B,210.9558907
EBRA,66,B,228.4033704
EBRA,66,B,237.5265963
EBRA,66,B,238.2538422
EBRA,66,B,238.2538422
EBRA,66,B,238.2538422
EBRA,66,B,238.2538422
EBRA,66,B,384.3871645
EBRA,66,B,466.3235479
EBRA,66,B,466.3235479
EBRA,66,B,874.4117173
EBRA,66,B,874.4117173
EBRA,66,B,874.4117173
EBRA,66,G,31883.83166
EBRA,66,L,47.12385
EBRA,66,L,47.12385
EBRA,66,L,47.12385
EBRA,66,L,47.12385
EBRA,66,L,47.12385
EBRA,66,L,47.12385
EBRA,66,L,47.12385
EBRA,66,L,47.12385
EBRA,66,L,47.12385
EBRA,66,L,47.12385
EBRA,66,L,93.4623025
EBRA,66,L,93.4623025
EBRA,66,L,93.4623025
EBRA,66,L,93.4623025
EBRA,66,L,93.4623025
EBRA,66,L,93.4623025
EBRA,66,L,93.4623025
EBRA,66,L,93.4623025
EBRA,66,L,93.4623025
EBRA,66,L,93.4623025
EBRA,66,L,93.4623025
EBRA,66,L,93.4623025
EBRA,66,L,93.4623025
EBRA,66,L,93.4623025
EBRA,66,L,93.4623025
EBRA,66,L,93.4623025
EBRA,66,L,93.4623025
EBRA,66,L,93.4623025
EBRA,66,W,376.9908
EBRA,66,W,376.9908
EBRA,66,W,376.9908
EBRA,66,W,376.9908
EBRA,66,W,1256.636
EBRA,66,W,1256.636
EBRA,66,W,1256.636
EBRA,66,W,1256.636
EBRA,66,W,1256.636
EBRA,66,W,1256.636
EBRA,66,W,1256.636
EBRA,66,W,1256.636
EBRA,66,W,1256.636
EBRA,66,W,1256.636
EBRA,66,W,1256.636
EBRA,66,W,1256.636
EBRA,66,W,1256.636
EBRA,66,W,1256.636
EBRA,66,W,1256.636
EBRA,66,W,1256.636
EBRA,66,W,1256.636
EBRA,66,W,1256.636
EBRA,66,W,1256.636
EBRA,66,W,1256.636
EBRA,66,W,1256.636
EBRA,66,W,1256.636
EBRA,66,W,1256.636
EBRA,66,W,1602.2109
EBRA,66,W,2513.272
EBRA,66,W,3958.4034
EBRA,66,W,4241.1465
EBRA,66,W,4476.76575
EBRA,66,W,5654.862
EBRA,74,B,127.0309299
EBRA,74,B,127.0309299
EBRA,74,B,127.0309299
EBRA,74,B,127.0309299
EBRA,74,B,127.0309299
EBRA,74,B,127.0309299
EBRA,74,B,127.0309299
EBRA,74,B,127.0309299
EBRA,74,B,127.0309299
EBRA,74,B,127.0309299
EBRA,74,B,127.0309299
EBRA,74,B,127.0309299
EBRA,74,B,127.0309299
EBRA,74,B,127.0309299
EBRA,74,B,127.0309299
EBRA,74,B,127.0309299
EBRA,74,B,127.0309299
EBRA,74,B,226.19448
EBRA,74,B,226.19448
EBRA,74,B,226.19448
EBRA,74,B,237.6340321
EBRA,74,B,237.6340321
EBRA,74,B,256.9537917
EBRA,74,B,307.3946742
EBRA,74,B,1976.59004
EBRA,74,G,37677.55676
EBRA,74,L,439.8226
EBRA,74,L,439.8226
EBRA,74,L,439.8226
EBRA,74,L,439.8226
EBRA,74,L,439.8226
EBRA,74,L,439.8226
EBRA,74,L,439.8226
EBRA,74,L,439.8226
EBRA,74,W,471.2385
EBRA,74,W,471.2385
EBRA,74,W,518.36235
EBRA,74,W,1507.9632
EBRA,74,W,1884.954
EBRA,84,B,66.6176497
EBRA,84,B,66.6176497
EBRA,84,B,66.6176497
EBRA,84,B,148.3035773
EBRA,84,B,148.3035773
EBRA,84,B,148.3035773
EBRA,84,B,148.3035773
EBRA,84,B,148.3035773
EBRA,84,B,226.0241686
EBRA,84,B,226.0241686
EBRA,84,B,226.0241686
EBRA,84,B,226.0241686
EBRA,84,B,273.2121039
EBRA,84,B,273.2121039
EBRA,84,G,39067.73317
EBRA,84,L,240.331635
EBRA,84,L,240.331635
EBRA,84,L,1068.1406
EBRA,84,L,1068.1406
EBRA,84,L,1068.1406
EBRA,84,L,1068.1406
EBRA,84,L,1068.1406
EBRA,84,L,1068.1406
EBRA,84,L,1068.1406
EBRA,84,L,1068.1406
EBRA,84,L,1068.1406
EBRA,84,L,1068.1406
EBRA,84,W,486.94645
EBRA,84,W,486.94645
EBRA,84,W,486.94645
EBRA,84,W,565.4862
EBRA,84,W,565.4862
EBRA,84,W,565.4862
EBRA,84,W,4398.226
EBRA,98,B,319.7031569
EBRA,98,B,319.7031569
EBRA,98,B,319.7031569
EBRA,98,B,319.7031569
EBRA,98,B,319.7031569
EBRA,98,B,1033.585553
EBRA,98,B,1033.585553
EBRA,98,B,1033.585553
EBRA,98,B,1651.369202
EBRA,98,B,1651.369202
EBRA,98,B,1651.369202
EBRA,98,B,1651.369202
EBRA,98,B,1651.369202
EBRA,98,G,37690.99689
EBRA,98,L,989.60085
EBRA,98,L,989.60085
EBRA,98,L,989.60085
EBRA,98,L,989.60085
EBRA,98,W,1884.954
EBRA,98,W,2827.431
EBRA,98,W,4146.8988
EBRA,100,B,305.9399444
EBRA,100,B,305.9399444
EBRA,100,B,385.1092974
EBRA,100,B,385.1092974
EBRA,100,B,385.1092974
EBRA,100,B,385.1092974
EBRA,100,B,603.941391
EBRA,100,B,603.941391
EBRA,100,B,603.941391
EBRA,100,B,1237.663421
EBRA,100,B,1814.537887
EBRA,100,B,2146.264372
EBRA,100,B,2146.264372
EBRA,100,B,2146.264372
EBRA,100,B,2146.264372
EBRA,100,G,31015.9179
EBRA,100,L,197.92017
EBRA,100,L,197.92017
EBRA,100,L,197.92017
EBRA,100,L,197.92017
EBRA,100,L,197.92017
EBRA,100,L,197.92017
EBRA,100,L,640.88436
EBRA,100,L,640.88436
EBRA,100,L,640.88436
EBRA,100,W,314.159
EBRA,100,W,314.159
EBRA,100,W,314.159
EBRA,100,W,314.159
EBRA,100,W,314.159
EBRA,100,W,314.159
EBRA,100,W,314.159
EBRA,100,W,314.159
EBRA,100,W,314.159
EBRA,100,W,1332.03416
EBRA,100,W,1979.2017
EBRA,100,W,2827.431
EBRA,100,W,2827.431
EBRA,100,W,2827.431
EBRA,100,W,2827.431
EBRA,100,W,3298.6695
EBRA,100,W,6534.5072
EBRA,100,W,6597.339
EBRA,114,B,134.0283667
EBRA,114,B,775.7681387
EBRA,114,B,775.7681387
EBRA,114,B,775.7681387
EBRA,114,B,775.7681387
EBRA,114,B,828.3305827
EBRA,114,B,828.3305827
EBRA,114,B,828.3305827
EBRA,114,B,883.1617713
EBRA,114,B,883.1617713
EBRA,114,B,883.1617713
EBRA,114,B,883.1617713
EBRA,114,B,883.1617713
EBRA,114,B,883.1617713
EBRA,114,B,883.1617713
EBRA,114,B,883.1617713
EBRA,114,B,883.1617713
EBRA,114,B,883.1617713
EBRA,114,B,883.1617713
EBRA,114,B,883.1617713
EBRA,114,B,883.1617713
EBRA,114,B,883.1617713
EBRA,114,B,883.1617713
EBRA,114,B,883.1617713
EBRA,114,B,883.1617713
EBRA,114,B,979.0145614
EBRA,114,B,1999.413873
EBRA,114,B,2038.919947
EBRA,114,B,2138.085156
EBRA,114,B,2714.073649
EBRA,114,B,7319.780859
EBRA,114,G,12822.25225
EBRA,114,G,20000
EBRA,114,L,66.7587875
EBRA,114,L,66.7587875
EBRA,114,L,66.7587875
EBRA,114,L,66.7587875
EBRA,114,L,66.7587875
EBRA,114,L,66.7587875
EBRA,114,L,66.7587875
EBRA,114,L,66.7587875
EBRA,114,L,66.7587875
EBRA,114,L,66.7587875
EBRA,114,L,66.7587875
EBRA,114,L,66.7587875
EBRA,114,L,66.7587875
EBRA,114,L,66.7587875
EBRA,114,L,66.7587875
EBRA,114,L,66.7587875
EBRA,114,L,235.61925
EBRA,114,L,235.61925
EBRA,114,L,235.61925
EBRA,114,L,235.61925
EBRA,114,L,235.61925
EBRA,114,L,235.61925
EBRA,114,L,235.61925
EBRA,114,L,235.61925
EBRA,114,L,235.61925
EBRA,114,L,235.61925
EBRA,114,L,235.61925
EBRA,114,L,235.61925
EBRA,114,L,235.61925
EBRA,114,L,235.61925
EBRA,114,L,235.61925
EBRA,114,W,4241.1465
